{"path": {"kpts": {"__ndarray__": [[50, 3], "float64", [0.5, 0.5, 0.5, 0.4583333333333333, 0.4583333333333333, 0.4583333333333333, 0.4166666666666667, 0.4166666666666667, 0.4166666666666667, 0.375, 0.375, 0.375, 0.33333333333333337, 0.33333333333333337, 0.33333333333333337, 0.2916666666666667, 0.2916666666666667, 0.2916666666666667, 0.25, 0.25, 0.25, 0.20833333333333337, 0.20833333333333337, 0.20833333333333337, 0.16666666666666669, 0.16666666666666669, 0.16666666666666669, 0.125, 0.125, 0.125, 0.08333333333333337, 0.08333333333333337, 0.08333333333333337, 0.041666666666666685, 0.041666666666666685, 0.041666666666666685, 0.0, 0.0, 0.0, 0.03333333333333333, 0.0, 0.03333333333333333, 0.06666666666666667, 0.0, 0.06666666666666667, 0.1, 0.0, 0.1, 0.13333333333333333, 0.0, 0.13333333333333333, 0.16666666666666666, 0.0, 0.16666666666666666, 0.2, 0.0, 0.2, 0.23333333333333334, 0.0, 0.23333333333333334, 0.26666666666666666, 0.0, 0.26666666666666666, 0.3, 0.0, 0.3, 0.3333333333333333, 0.0, 0.3333333333333333, 0.36666666666666664, 0.0, 0.36666666666666664, 0.4, 0.0, 0.4, 0.43333333333333335, 0.0, 0.43333333333333335, 0.4666666666666667, 0.0, 0.4666666666666667, 0.5, 0.0, 0.5, 0.525, 0.05, 0.525, 0.55, 0.1, 0.55, 0.575, 0.15000000000000002, 0.575, 0.6, 0.2, 0.6, 0.625, 0.25, 0.625, 0.5882352941176471, 0.23529411764705882, 0.5882352941176471, 0.5514705882352942, 0.22058823529411764, 0.5514705882352942, 0.5147058823529411, 0.20588235294117646, 0.5147058823529411, 0.4779411764705882, 0.19117647058823528, 0.4779411764705882, 0.4411764705882353, 0.1764705882352941, 0.4411764705882353, 0.40441176470588236, 0.16176470588235295, 0.40441176470588236, 0.36764705882352944, 0.14705882352941177, 0.36764705882352944, 0.33088235294117646, 0.1323529411764706, 0.33088235294117646, 0.29411764705882354, 0.11764705882352941, 0.29411764705882354, 0.25735294117647056, 0.10294117647058823, 0.25735294117647056, 0.22058823529411764, 0.08823529411764705, 0.22058823529411764, 0.18382352941176472, 0.0735294117647059, 0.18382352941176472, 0.1470588235294118, 0.05882352941176472, 0.1470588235294118, 0.11029411764705888, 0.04411764705882354, 0.11029411764705888, 0.07352941176470584, 0.02941176470588236, 0.07352941176470584, 0.03676470588235292, 0.01470588235294118, 0.03676470588235292, 0.0, 0.0, 0.0]]}, "special_points": {"G": {"__ndarray__": [[3], "float64", [0.0, 0.0, 0.0]]}, "K": {"__ndarray__": [[3], "float64", [0.375, 0.375, 0.75]]}, "L": {"__ndarray__": [[3], "float64", [0.5, 0.5, 0.5]]}, "U": {"__ndarray__": [[3], "float64", [0.625, 0.25, 0.625]]}, "W": {"__ndarray__": [[3], "float64", [0.5, 0.25, 0.75]]}, "X": {"__ndarray__": [[3], "float64", [0.5, 0.0, 0.5]]}}, "labelseq": "LGXUG", "cell": {"array": {"__ndarray__": [[3, 3], "float64", [0.0, 2.7150000000000003, 2.7150000000000003, 2.7150000000000003, 0.0, 2.7150000000000003, 2.7150000000000003, 2.7150000000000003, 0.0]]}, "pbc": {"__ndarray__": [[3], "bool", [true, true, true]]}, "__ase_objtype__": "cell"}, "__ase_objtype__": "bandpath"}, "energies": {"__ndarray__": [[1, 50, 8], "float64", [-4.475631991794042, -1.8475796590611557, 3.9601114071539945, 3.9601114071540313, 6.578893944747877, 8.443788275227867, 8.44378827522788, 12.68120610292924, -4.572079669051981, -1.7081856851820072, 3.972478193873133, 3.972478193873165, 6.593391425297721, 8.458348300739312, 8.458348300739353, 12.704035561853397, -4.81335871627002, -1.3383467766957278, 4.009562850994066, 4.009562850994086, 6.63677721689372, 8.49924004457304, 8.499240044573057, 12.767103501485279, -5.11928467103386, -0.8191075241619162, 4.071227298567282, 4.071227298567307, 6.708590038107596, 8.557174135137714, 8.557174135137746, 12.84578522465048, -5.437463988047001, -0.20444111654840424, 4.157076454794712, 4.157076454794732, 6.807791679766545, 8.614853710186681, 8.614853710186718, 12.846976367413196, -5.741020953120977, 0.4762912018578714, 4.266210577090767, 4.266210577090782, 6.932565920528541, 8.645854103681287, 8.645854103681314, 12.53867157016224, -6.01628916044865, 1.2055570647754297, 4.396781553863786, 4.396781553863814, 7.079625848982369, 8.61831754967496, 8.61831754967498, 11.930261726234049, -6.255899218421624, 1.9699726073724666, 4.5453386889323735, 4.54533868893238, 7.243351842879119, 8.509827253742454, 8.509827253742476, 11.219956672009147, -6.45562084098923, 2.755267534794931, 4.705706541811027, 4.705706541811038, 7.414163801827923, 8.326562283690194, 8.326562283690219, 10.479543918724284, -6.6129017727322195, 3.540543550120347, 4.867332402862135, 4.867332402862143, 7.57547020132201, 8.104079476043266, 8.104079476043285, 9.73996913237425, -6.726169494080754, 4.285708463578887, 5.013149891843555, 5.013149891843568, 7.697077163726092, 7.890964815606679, 7.890964815606693, 9.050192835423845, -6.79447007952721, 4.895898964651833, 5.118677587985067, 5.118677587985081, 7.723835678303535, 7.735933315061301, 7.735933315061307, 8.534688826878552, -6.817291270384805, 5.157874906393363, 5.157874906514232, 5.157874906514256, 7.6787762435276985, 7.678776244057233, 7.678776244057248, 8.361325496172588, -6.797809771332698, 5.023942202310739, 5.074911442421623, 5.074911442508006, 7.628124649584299, 7.785424643679483, 7.785424644027791, 8.492072662893701, -6.739412577689459, 4.675506959249005, 4.8605305827607435, 4.860530582858396, 7.486954788577787, 8.070631613355957, 8.070631613696222, 8.81997820256377, -6.642240955231026, 4.203338073062755, 4.576497820451317, 4.576497820557612, 7.28098221393377, 8.472058690403246, 8.472058690733526, 9.207329921443526, -6.506536343106454, 3.6679326725734662, 4.267376553102752, 4.267376553214524, 7.038597522446469, 8.944129458411725, 8.944129458742614, 9.45780283271854, -6.332642214240196, 3.100277790224935, 3.958135417010692, 3.9581354171241454, 6.783535668157964, 9.348354753313524, 9.460799844748793, 9.460799845084493, -6.121018039118241, 2.515741398693022, 3.662378967741671, 3.6623789678566356, 6.533259337979393, 8.943750630990934, 10.00721068051344, 10.007210680863698, -5.872242640684153, 1.9224524361878668, 3.387931082832298, 3.387931082946567, 6.300113191347574, 8.4412803832442, 10.574739774038756, 10.574739774403076, -5.587037457261834, 1.3253331954802994, 3.13955682799445, 3.1395568280952157, 6.0927978605505135, 7.935444425277053, 11.157965098261121, 11.157965098631326, -5.266274793449155, 0.7280623979446039, 2.9203114638936607, 2.9203114639934973, 5.917573360386458, 7.462346634103932, 11.75359743651132, 11.75359743689979, -4.911007028496251, 0.13397824667865169, 2.7322724097860878, 2.7322724098846667, 5.77917011544164, 7.037147670338957, 12.35959757170394, 12.359597572113321, -4.522487975652912, -0.45357468648375, 2.576872340348317, 2.576872340445144, 5.6812862305914535, 6.666368981239551, 12.974347716957068, 12.974347717392718, -4.1021938055964675, -1.0311289288351575, 2.455117596780077, 2.4551175968729004, 5.627022043057137, 6.352623649873782, 13.5954012171356, 13.595401217557297, -3.6518645381474095, -1.595202813649401, 2.3677008085679137, 2.3677008086588245, 5.619065859507532, 6.096253175738576, 14.215628843471237, 14.215628843923682, -3.1735193033569504, -2.1423931569884376, 2.3150774430916985, 2.3150774432028935, 5.659782070864895, 5.8963676824949465, 14.803700684019056, 14.803700684594455, -2.6694808930656513, -2.6694797858745196, 2.2975087061098503, 2.297508706221129, 5.751527079580059, 5.75152722101981, 15.145887429990998, 15.145887430775868, -2.6783716627615686, -2.64587450228697, 2.1498063679785964, 2.3151250187941086, 5.7719934715542625, 5.9713700945770265, 14.929027188883506, 15.018095381778902, -2.709273170857066, -2.57508692416572, 1.8009810713830317, 2.367750961035997, 5.83322064170423, 6.540315902940971, 14.426491193980782, 14.688979744738361, -2.774439885698197, -2.457222563498796, 1.4024888321001587, 2.454691617364102, 5.93441823172773, 7.317817218004515, 13.819485756082548, 14.250556819163256, -2.891686300757233, -2.292445818298282, 1.0546019447009938, 2.574741718140218, 6.074373874067537, 8.218694943660964, 